Index,A,B,C,Dipole,HOMO,LUMO,zpve,H 298.15,G 298.15
1,157.71179902,157.70996942000002,157.70699448,0.0,0.02844343712844518,0.10485537214764641,-40.4971856,-40.49337384,None
2,293.60975252,293.54111304,191.3939689,1.6098,0.014617505082477146,0.09121653313869489,-56.55720206,-56.55339834,None
3,799.58812524,437.90386072,282.94545015,1.9148,0.009643248879826146,0.0785915033193486,-76.44839196,-76.44461261,None
