Index,A,B,C,Dipole,HOMO,LUMO,zpve,H 298.15,G 298.15
<<<<<<< HEAD
=======
1,157.7118002,157.7099706,157.70699566,0.0,0.028443440162384204,0.10485537608785932,-40.49718569,-40.49337393,-40.51685226
2,293.60975471,293.54111523,191.39397033,1.6098,0.014617496673440911,0.09121652335637478,-56.55720122,-56.55339753,-56.57627445
3,799.58813122,437.90386399,282.94545227000003,1.9148,0.009643248926302033,0.07859150416082246,-76.44839185,-76.4446125,-76.46603952
>>>>>>> ebb20ce10901343aa82596554b6317ab872af4b6
